ESTAB;DATA;IDEMPREGADO;PROCESSAMENTO
1;20.12.2020;10;5
1;20.12.2020;2.019;5
1;20.12.2020;2.203;5
1;20.12.2020;2.271;5
1;20.12.2020;2.548;5
1;20.12.2020;2.593;5
1;20.12.2020;2.713;5
1;20.12.2020;2.715;5
1;20.12.2020;2.726;5
1;20.12.2020;4.079;5
1;20.12.2020;4.424;5
1;20.12.2020;4.449;5
1;20.12.2020;4.467;5
1;20.12.2020;4.589;5
1;20.12.2020;4.797;5
1;20.12.2020;4.816;5
1;20.12.2020;4.866;5
1;20.12.2020;5.279;5
1;20.12.2020;5.761;5
1;20.12.2020;5.778;5
1;20.12.2020;6.122;5
1;20.12.2020;6.191;5
1;20.12.2020;6.563;5
1;20.12.2020;6.597;5
1;20.12.2020;6.735;5
1;20.12.2020;6.852;5
1;20.12.2020;6.891;5
1;20.12.2020;6.925;5
1;20.12.2020;7.078;5
1;20.12.2020;7.090;5
1;20.12.2020;7.244;5
1;20.12.2020;7.276;5
1;20.12.2020;7.402;5
1;20.12.2020;7.602;5
1;20.12.2020;7.967;5
1;20.12.2020;8.171;5
1;20.12.2020;8.175;5
1;20.12.2020;8.291;5
1;20.12.2020;8.483;5
1;20.12.2020;8.497;5
1;20.12.2020;8.525;5
1;20.12.2020;8.529;5
1;20.12.2020;8.572;5
1;20.12.2020;8.675;5
1;20.12.2020;8.682;5
1;20.12.2020;8.688;5
1;20.12.2020;8.807;5
1;20.12.2020;8.999;5
1;20.12.2020;9.125;5
1;20.12.2020;9.338;5
1;20.12.2020;9.343;5
1;20.12.2020;9.497;5
1;20.12.2020;9.593;5
1;20.12.2020;9.596;5
1;20.12.2020;9.601;5
1;20.12.2020;9.641;5
1;20.12.2020;9.672;5
1;20.12.2020;9.775;5
1;20.12.2020;9.875;5
1;20.12.2020;9.880;5
1;20.12.2020;9.882;5
1;20.12.2020;9.883;5
1;20.12.2020;9.900;5
1;20.12.2020;9.918;5
1;20.12.2020;9.927;5
1;20.12.2020;9.955;5
1;20.12.2020;9.958;5
1;20.12.2020;9.988;5
1;20.12.2020;9.998;5
1;20.12.2020;10.046;5
1;20.12.2020;10.055;5
1;20.12.2020;10.065;5
1;20.12.2020;10.199;5
1;20.12.2020;10.236;5
1;20.12.2020;10.501;5
1;20.12.2020;10.513;5
1;20.12.2020;10.538;5
1;20.12.2020;10.550;5
1;20.12.2020;10.557;5
1;20.12.2020;10.617;5
1;20.12.2020;10.639;5
1;20.12.2020;10.718;5
1;20.12.2020;10.751;5
1;20.12.2020;10.758;5
1;20.12.2020;10.879;5
1;20.12.2020;10.892;5
1;20.12.2020;10.935;5
1;20.12.2020;10.940;5
1;20.12.2020;10.941;5
1;20.12.2020;10.942;5
1;20.12.2020;10.945;5
1;20.12.2020;10.952;5
1;20.12.2020;11.155;5
1;20.12.2020;11.187;5
1;20.12.2020;11.205;5
1;20.12.2020;11.207;5
1;20.12.2020;11.210;5
1;20.12.2020;11.251;5
1;20.12.2020;11.255;5
1;20.12.2020;11.298;5
1;20.12.2020;11.310;5
1;20.12.2020;11.329;5
1;20.12.2020;11.406;5
1;20.12.2020;11.411;5
1;20.12.2020;11.415;5
1;20.12.2020;11.431;5
1;20.12.2020;11.437;5
1;20.12.2020;11.459;5
1;20.12.2020;11.484;5
1;20.12.2020;11.515;5
1;20.12.2020;11.521;5
1;20.12.2020;80.025;5
3;20.12.2020;84;5
3;20.12.2020;877;5
3;20.12.2020;6.618;5
3;20.12.2020;7.064;5
3;20.12.2020;8.552;5
3;20.12.2020;9.155;5
3;20.12.2020;9.304;5
3;20.12.2020;9.468;5
3;20.12.2020;10.138;5
3;20.12.2020;11.416;5
3;20.12.2020;11.417;5
6;20.12.2020;1.181;5
6;20.12.2020;2.576;5
6;20.12.2020;2.943;5
6;20.12.2020;4.986;5
6;20.12.2020;5.543;5
6;20.12.2020;6.287;5
6;20.12.2020;7.096;5
6;20.12.2020;7.306;5
6;20.12.2020;7.459;5
6;20.12.2020;7.480;5
6;20.12.2020;7.495;5
6;20.12.2020;7.903;5
6;20.12.2020;8.087;5
6;20.12.2020;8.155;5
6;20.12.2020;8.367;5
6;20.12.2020;8.515;5
6;20.12.2020;8.516;5
6;20.12.2020;8.802;5
6;20.12.2020;8.848;5
6;20.12.2020;9.104;5
6;20.12.2020;9.156;5
6;20.12.2020;9.456;5
6;20.12.2020;9.508;5
6;20.12.2020;9.511;5
6;20.12.2020;9.628;5
6;20.12.2020;9.724;5
6;20.12.2020;9.762;5
6;20.12.2020;9.785;5
6;20.12.2020;9.928;5
6;20.12.2020;10.008;5
6;20.12.2020;10.025;5
6;20.12.2020;10.067;5
6;20.12.2020;10.144;5
6;20.12.2020;10.158;5
6;20.12.2020;10.162;5
6;20.12.2020;10.201;5
6;20.12.2020;10.237;5
6;20.12.2020;10.267;5
6;20.12.2020;10.271;5
6;20.12.2020;10.294;5
6;20.12.2020;10.317;5
6;20.12.2020;10.329;5
6;20.12.2020;10.342;5
6;20.12.2020;10.350;5
6;20.12.2020;10.361;5
6;20.12.2020;10.410;5
6;20.12.2020;10.478;5
6;20.12.2020;10.506;5
6;20.12.2020;10.514;5
6;20.12.2020;10.558;5
6;20.12.2020;10.760;5
6;20.12.2020;10.788;5
6;20.12.2020;10.794;5
6;20.12.2020;10.795;5
6;20.12.2020;10.849;5
6;20.12.2020;10.889;5
6;20.12.2020;10.896;5
6;20.12.2020;10.905;5
6;20.12.2020;10.936;5
6;20.12.2020;10.939;5
6;20.12.2020;10.953;5
6;20.12.2020;10.954;5
6;20.12.2020;10.955;5
6;20.12.2020;10.972;5
6;20.12.2020;10.973;5
6;20.12.2020;10.993;5
6;20.12.2020;11.045;5
6;20.12.2020;11.051;5
6;20.12.2020;11.071;5
6;20.12.2020;11.077;5
6;20.12.2020;11.091;5
6;20.12.2020;11.163;5
6;20.12.2020;11.171;5
6;20.12.2020;11.447;5
6;20.12.2020;11.475;5
6;20.12.2020;11.486;5
6;20.12.2020;11.502;5
6;20.12.2020;11.516;5
6;20.12.2020;11.538;5
6;20.12.2020;11.560;5
6;20.12.2020;11.565;5
9;20.12.2020;2.233;5
9;20.12.2020;2.586;5
9;20.12.2020;5.082;5
9;20.12.2020;5.155;5
9;20.12.2020;6.392;5
9;20.12.2020;6.697;5
9;20.12.2020;6.854;5
9;20.12.2020;7.900;5
9;20.12.2020;7.929;5
9;20.12.2020;8.484;5
9;20.12.2020;8.609;5
9;20.12.2020;8.750;5
9;20.12.2020;9.161;5
9;20.12.2020;9.185;5
9;20.12.2020;9.820;5
9;20.12.2020;10.230;5
9;20.12.2020;10.569;5
9;20.12.2020;10.764;5
9;20.12.2020;11.161;5
9;20.12.2020;11.188;5
9;20.12.2020;11.249;5
9;20.12.2020;11.391;5
10;20.12.2020;99;5
10;20.12.2020;6.479;5
10;20.12.2020;9.760;5
21;20.12.2020;5.126;5
21;20.12.2020;6.012;5
21;20.12.2020;6.255;5
21;20.12.2020;7.157;5
21;20.12.2020;7.431;5
21;20.12.2020;8.542;5
21;20.12.2020;8.547;5
21;20.12.2020;9.035;5
21;20.12.2020;9.105;5
21;20.12.2020;9.490;5
21;20.12.2020;9.556;5
21;20.12.2020;9.564;5
21;20.12.2020;9.673;5
21;20.12.2020;9.720;5
21;20.12.2020;10.002;5
21;20.12.2020;10.146;5
21;20.12.2020;10.220;5
21;20.12.2020;10.234;5
21;20.12.2020;10.265;5
21;20.12.2020;10.388;5
21;20.12.2020;10.396;5
21;20.12.2020;10.481;5
21;20.12.2020;10.519;5
21;20.12.2020;10.520;5
21;20.12.2020;10.536;5
21;20.12.2020;10.806;5
21;20.12.2020;10.832;5
21;20.12.2020;10.840;5
21;20.12.2020;10.851;5
21;20.12.2020;10.864;5
21;20.12.2020;10.886;5
21;20.12.2020;10.929;5
21;20.12.2020;10.934;5
21;20.12.2020;10.987;5
21;20.12.2020;10.996;5
21;20.12.2020;11.030;5
21;20.12.2020;11.049;5
21;20.12.2020;11.152;5
21;20.12.2020;11.153;5
21;20.12.2020;11.305;5
21;20.12.2020;11.354;5
21;20.12.2020;11.364;5
21;20.12.2020;11.425;5
21;20.12.2020;11.510;5
21;20.12.2020;11.513;5
21;20.12.2020;11.524;5
23;20.12.2020;4;5
23;20.12.2020;2.132;5
23;20.12.2020;6.007;5
23;20.12.2020;7.945;5
23;20.12.2020;8.908;5
23;20.12.2020;8.968;5
23;20.12.2020;8.990;5
23;20.12.2020;9.196;5
23;20.12.2020;9.692;5
23;20.12.2020;9.761;5
23;20.12.2020;9.774;5
23;20.12.2020;9.783;5
23;20.12.2020;10.114;5
23;20.12.2020;10.168;5
23;20.12.2020;10.235;5
23;20.12.2020;10.400;5
23;20.12.2020;10.601;5
23;20.12.2020;10.728;5
23;20.12.2020;10.949;5
23;20.12.2020;10.962;5
23;20.12.2020;11.012;5
23;20.12.2020;11.016;5
23;20.12.2020;11.067;5
23;20.12.2020;11.396;5
23;20.12.2020;11.418;5
23;20.12.2020;11.430;5
23;20.12.2020;11.474;5
23;20.12.2020;11.558;5
23;20.12.2020;80.026;5
27;20.12.2020;2.106;5
27;20.12.2020;2.622;5
27;20.12.2020;4.601;5
27;20.12.2020;5.125;5
27;20.12.2020;6.460;5
27;20.12.2020;7.252;5
27;20.12.2020;7.437;5
27;20.12.2020;8.009;5
27;20.12.2020;8.058;5
27;20.12.2020;8.243;5
27;20.12.2020;8.328;5
27;20.12.2020;8.690;5
27;20.12.2020;8.849;5
27;20.12.2020;9.142;5
27;20.12.2020;9.212;5
27;20.12.2020;9.740;5
27;20.12.2020;9.873;5
27;20.12.2020;9.874;5
27;20.12.2020;9.979;5
27;20.12.2020;10.022;5
27;20.12.2020;10.048;5
27;20.12.2020;10.357;5
27;20.12.2020;10.630;5
27;20.12.2020;10.632;5
27;20.12.2020;10.633;5
27;20.12.2020;10.655;5
27;20.12.2020;10.865;5
27;20.12.2020;11.296;5
28;20.12.2020;5.055;5
28;20.12.2020;7.036;5
28;20.12.2020;7.811;5
28;20.12.2020;7.862;5
28;20.12.2020;7.872;5
28;20.12.2020;8.456;5
28;20.12.2020;8.810;5
28;20.12.2020;8.963;5
28;20.12.2020;9.165;5
28;20.12.2020;9.485;5
28;20.12.2020;9.525;5
28;20.12.2020;9.540;5
28;20.12.2020;9.554;5
28;20.12.2020;9.719;5
28;20.12.2020;9.782;5
28;20.12.2020;9.823;5
28;20.12.2020;10.073;5
28;20.12.2020;10.145;5
28;20.12.2020;10.182;5
28;20.12.2020;10.208;5
28;20.12.2020;10.348;5
28;20.12.2020;10.375;5
28;20.12.2020;10.383;5
28;20.12.2020;10.399;5
28;20.12.2020;10.485;5
28;20.12.2020;10.547;5
28;20.12.2020;10.757;5
28;20.12.2020;10.793;5
28;20.12.2020;10.809;5
28;20.12.2020;10.878;5
28;20.12.2020;10.928;5
28;20.12.2020;10.930;5
28;20.12.2020;10.937;5
28;20.12.2020;10.943;5
28;20.12.2020;10.950;5
28;20.12.2020;10.965;5
28;20.12.2020;11.011;5
28;20.12.2020;11.020;5
28;20.12.2020;11.043;5
28;20.12.2020;11.048;5
28;20.12.2020;11.055;5
28;20.12.2020;11.200;5
28;20.12.2020;11.209;5
28;20.12.2020;11.428;5
28;20.12.2020;11.436;5
28;20.12.2020;11.500;5
28;20.12.2020;11.503;5
28;20.12.2020;11.512;5
28;20.12.2020;11.523;5
28;20.12.2020;11.534;5
28;20.12.2020;11.547;5
28;20.12.2020;11.559;5
28;20.12.2020;11.561;5
28;20.12.2020;80.083;5
32;20.12.2020;2.048;5
32;20.12.2020;2.234;5
32;20.12.2020;5.023;5
32;20.12.2020;5.373;5
32;20.12.2020;5.622;5
32;20.12.2020;5.672;5
32;20.12.2020;5.753;5
32;20.12.2020;6.168;5
32;20.12.2020;6.492;5
32;20.12.2020;7.242;5
32;20.12.2020;7.493;5
32;20.12.2020;7.593;5
32;20.12.2020;7.619;5
32;20.12.2020;7.620;5
32;20.12.2020;7.699;5
32;20.12.2020;7.994;5
32;20.12.2020;8.343;5
32;20.12.2020;8.391;5
32;20.12.2020;8.753;5
32;20.12.2020;8.757;5
32;20.12.2020;8.760;5
32;20.12.2020;9.260;5
32;20.12.2020;9.426;5
32;20.12.2020;9.427;5
32;20.12.2020;9.430;5
32;20.12.2020;9.465;5
32;20.12.2020;9.489;5
32;20.12.2020;9.520;5
32;20.12.2020;9.558;5
32;20.12.2020;9.818;5
32;20.12.2020;10.324;5
32;20.12.2020;10.644;5
32;20.12.2020;10.645;5
32;20.12.2020;10.646;5
32;20.12.2020;10.695;5
32;20.12.2020;10.739;5
32;20.12.2020;10.741;5
32;20.12.2020;10.841;5
32;20.12.2020;10.893;5
32;20.12.2020;11.018;5
32;20.12.2020;11.245;5
32;20.12.2020;11.314;5
32;20.12.2020;11.413;5
32;20.12.2020;11.488;5
32;20.12.2020;11.508;5
32;20.12.2020;11.509;5
33;20.12.2020;4.230;5
33;20.12.2020;7.968;5
33;20.12.2020;9.183;5
33;20.12.2020;10.843;5
34;20.12.2020;47;5
34;20.12.2020;93;5
34;20.12.2020;1.332;5
34;20.12.2020;1.333;5
34;20.12.2020;1.770;5
34;20.12.2020;1.777;5
34;20.12.2020;1.884;5
34;20.12.2020;2.182;5
34;20.12.2020;2.255;5
34;20.12.2020;2.290;5
34;20.12.2020;2.294;5
34;20.12.2020;2.296;5
34;20.12.2020;2.304;5
34;20.12.2020;2.346;5
34;20.12.2020;2.350;5
34;20.12.2020;2.409;5
34;20.12.2020;2.500;5
34;20.12.2020;2.530;5
34;20.12.2020;2.555;5
34;20.12.2020;2.579;5
34;20.12.2020;2.621;5
34;20.12.2020;2.684;5
34;20.12.2020;2.725;5
34;20.12.2020;2.799;5
34;20.12.2020;2.924;5
34;20.12.2020;2.926;5
34;20.12.2020;2.927;5
34;20.12.2020;2.945;5
34;20.12.2020;2.946;5
34;20.12.2020;2.948;5
34;20.12.2020;2.970;5
34;20.12.2020;3.054;5
34;20.12.2020;3.087;5
34;20.12.2020;4.057;5
34;20.12.2020;4.074;5
34;20.12.2020;4.136;5
34;20.12.2020;4.338;5
34;20.12.2020;4.423;5
34;20.12.2020;4.450;5
34;20.12.2020;4.487;5
34;20.12.2020;4.501;5
34;20.12.2020;4.645;5
34;20.12.2020;4.682;5
34;20.12.2020;4.718;5
34;20.12.2020;4.889;5
34;20.12.2020;5.053;5
34;20.12.2020;5.196;5
34;20.12.2020;5.205;5
34;20.12.2020;5.253;5
34;20.12.2020;5.407;5
34;20.12.2020;5.547;5
34;20.12.2020;5.720;5
34;20.12.2020;6.019;5
34;20.12.2020;6.154;5
34;20.12.2020;6.170;5
34;20.12.2020;6.210;5
34;20.12.2020;6.227;5
34;20.12.2020;6.462;5
34;20.12.2020;6.537;5
34;20.12.2020;6.627;5
34;20.12.2020;6.810;5
34;20.12.2020;6.846;5
34;20.12.2020;6.882;5
34;20.12.2020;6.887;5
34;20.12.2020;6.955;5
34;20.12.2020;6.983;5
34;20.12.2020;7.261;5
34;20.12.2020;7.282;5
34;20.12.2020;7.304;5
34;20.12.2020;7.409;5
34;20.12.2020;7.488;5
34;20.12.2020;7.564;5
34;20.12.2020;7.691;5
34;20.12.2020;7.728;5
34;20.12.2020;7.777;5
34;20.12.2020;7.858;5
34;20.12.2020;7.901;5
34;20.12.2020;7.922;5
34;20.12.2020;7.928;5
34;20.12.2020;8.094;5
34;20.12.2020;8.158;5
34;20.12.2020;8.176;5
34;20.12.2020;8.248;5
34;20.12.2020;8.389;5
34;20.12.2020;8.393;5
34;20.12.2020;8.424;5
34;20.12.2020;8.464;5
34;20.12.2020;8.494;5
34;20.12.2020;8.502;5
34;20.12.2020;8.752;5
34;20.12.2020;8.788;5
34;20.12.2020;8.862;5
34;20.12.2020;8.917;5
34;20.12.2020;9.060;5
34;20.12.2020;9.184;5
34;20.12.2020;9.189;5
34;20.12.2020;9.312;5
34;20.12.2020;9.448;5
34;20.12.2020;9.514;5
34;20.12.2020;9.548;5
34;20.12.2020;9.584;5
34;20.12.2020;9.651;5
34;20.12.2020;9.693;5
34;20.12.2020;9.694;5
34;20.12.2020;9.773;5
34;20.12.2020;9.870;5
34;20.12.2020;9.964;5
34;20.12.2020;10.020;5
34;20.12.2020;10.107;5
34;20.12.2020;10.229;5
34;20.12.2020;10.274;5
34;20.12.2020;10.395;5
34;20.12.2020;10.504;5
34;20.12.2020;10.532;5
34;20.12.2020;10.551;5
34;20.12.2020;10.612;5
34;20.12.2020;10.619;5
34;20.12.2020;10.730;5
34;20.12.2020;10.732;5
34;20.12.2020;10.746;5
34;20.12.2020;10.763;5
34;20.12.2020;10.816;5
34;20.12.2020;10.860;5
34;20.12.2020;10.903;5
34;20.12.2020;10.931;5
34;20.12.2020;10.938;5
34;20.12.2020;10.984;5
34;20.12.2020;10.991;5
34;20.12.2020;10.998;5
34;20.12.2020;11.042;5
34;20.12.2020;11.050;5
34;20.12.2020;11.149;5
34;20.12.2020;11.222;5
34;20.12.2020;11.223;5
34;20.12.2020;11.236;5
34;20.12.2020;11.243;5
34;20.12.2020;11.267;5
34;20.12.2020;11.379;5
34;20.12.2020;11.387;5
34;20.12.2020;11.479;5
34;20.12.2020;11.493;5
34;20.12.2020;11.497;5
34;20.12.2020;11.533;5
34;20.12.2020;11.571;5
34;20.12.2020;80.083;5
35;20.12.2020;100;5
35;20.12.2020;2.341;5
35;20.12.2020;2.485;5
35;20.12.2020;2.839;5
35;20.12.2020;5.457;5
35;20.12.2020;5.594;5
35;20.12.2020;6.713;5
35;20.12.2020;7.125;5
35;20.12.2020;7.155;5
35;20.12.2020;7.184;5
35;20.12.2020;7.379;5
35;20.12.2020;7.962;5
35;20.12.2020;7.997;5
35;20.12.2020;7.998;5
35;20.12.2020;8.047;5
35;20.12.2020;8.210;5
35;20.12.2020;8.284;5
35;20.12.2020;8.335;5
35;20.12.2020;8.618;5
35;20.12.2020;8.702;5
35;20.12.2020;8.818;5
35;20.12.2020;9.254;5
35;20.12.2020;9.329;5
35;20.12.2020;9.370;5
35;20.12.2020;9.380;5
35;20.12.2020;9.620;5
35;20.12.2020;10.244;5
35;20.12.2020;10.264;5
35;20.12.2020;10.390;5
35;20.12.2020;10.565;5
35;20.12.2020;10.576;5
35;20.12.2020;10.636;5
35;20.12.2020;10.640;5
35;20.12.2020;10.660;5
35;20.12.2020;10.662;5
35;20.12.2020;10.698;5
35;20.12.2020;10.747;5
35;20.12.2020;10.753;5
35;20.12.2020;10.917;5
35;20.12.2020;11.250;5
35;20.12.2020;11.465;5
35;20.12.2020;11.467;5
36;20.12.2020;4.828;5
36;20.12.2020;5.004;5
36;20.12.2020;5.211;5
36;20.12.2020;5.619;5
36;20.12.2020;6.140;5
36;20.12.2020;6.281;5
36;20.12.2020;7.400;5
36;20.12.2020;7.550;5
36;20.12.2020;8.192;5
36;20.12.2020;8.449;5
36;20.12.2020;9.133;5
36;20.12.2020;9.722;5
36;20.12.2020;10.270;5
36;20.12.2020;10.338;5
36;20.12.2020;11.065;5
36;20.12.2020;11.423;5
38;20.12.2020;2.708;5
38;20.12.2020;3.085;5
38;20.12.2020;4.508;5
38;20.12.2020;5.057;5
38;20.12.2020;5.418;5
38;20.12.2020;5.529;5
38;20.12.2020;5.530;5
38;20.12.2020;6.013;5
38;20.12.2020;6.056;5
38;20.12.2020;6.119;5
38;20.12.2020;6.259;5
38;20.12.2020;6.841;5
38;20.12.2020;8.369;5
38;20.12.2020;9.506;5
38;20.12.2020;9.534;5
38;20.12.2020;9.961;5
38;20.12.2020;10.205;5
38;20.12.2020;10.312;5
38;20.12.2020;10.528;5
38;20.12.2020;10.726;5
38;20.12.2020;10.833;5
38;20.12.2020;10.884;5
38;20.12.2020;10.911;5
38;20.12.2020;11.008;5
38;20.12.2020;11.074;5
38;20.12.2020;11.369;5
38;20.12.2020;11.375;5
38;20.12.2020;11.390;5
38;20.12.2020;11.405;5
38;20.12.2020;11.483;5
38;20.12.2020;11.495;5
38;20.12.2020;11.506;5
38;20.12.2020;11.522;5
38;20.12.2020;11.525;5
38;20.12.2020;11.566;5
38;20.12.2020;11.573;5
40;20.12.2020;4.226;5
40;20.12.2020;6.607;5
40;20.12.2020;7.563;5
40;20.12.2020;7.916;5
40;20.12.2020;10.062;5
40;20.12.2020;10.502;5
40;20.12.2020;11.169;5
41;20.12.2020;3.065;5
41;20.12.2020;4.299;5
41;20.12.2020;4.333;5
41;20.12.2020;4.980;5
41;20.12.2020;5.001;5
41;20.12.2020;5.378;5
41;20.12.2020;5.497;5
41;20.12.2020;5.816;5
41;20.12.2020;6.304;5
41;20.12.2020;6.461;5
41;20.12.2020;6.978;5
41;20.12.2020;7.014;5
41;20.12.2020;7.956;5
41;20.12.2020;8.283;5
41;20.12.2020;8.503;5
41;20.12.2020;8.610;5
41;20.12.2020;8.666;5
41;20.12.2020;8.871;5
41;20.12.2020;9.293;5
41;20.12.2020;9.367;5
41;20.12.2020;9.512;5
41;20.12.2020;9.595;5
41;20.12.2020;9.599;5
41;20.12.2020;9.625;5
41;20.12.2020;9.866;5
41;20.12.2020;9.930;5
41;20.12.2020;9.972;5
41;20.12.2020;10.023;5
41;20.12.2020;10.096;5
41;20.12.2020;10.174;5
41;20.12.2020;10.177;5
41;20.12.2020;10.673;5
41;20.12.2020;10.710;5
41;20.12.2020;10.810;5
41;20.12.2020;11.047;5
41;20.12.2020;11.073;5
41;20.12.2020;11.075;5
41;20.12.2020;11.085;5
41;20.12.2020;11.231;5
41;20.12.2020;11.392;5
41;20.12.2020;11.487;5
41;20.12.2020;11.514;5
41;20.12.2020;11.540;5
41;20.12.2020;11.545;5
41;20.12.2020;11.546;5
41;20.12.2020;11.548;5
41;20.12.2020;11.580;5
42;20.12.2020;4.260;5
42;20.12.2020;6.851;5
42;20.12.2020;8.640;5
42;20.12.2020;8.706;5
42;20.12.2020;9.898;5
42;20.12.2020;10.553;5
42;20.12.2020;10.554;5
45;20.12.2020;6.105;5
45;20.12.2020;6.717;5
45;20.12.2020;6.790;5
45;20.12.2020;7.514;5
45;20.12.2020;7.798;5
45;20.12.2020;8.881;5
45;20.12.2020;8.922;5
45;20.12.2020;10.121;5
45;20.12.2020;10.403;5
45;20.12.2020;10.780;5
45;20.12.2020;11.031;5
45;20.12.2020;11.053;5
45;20.12.2020;11.147;5
45;20.12.2020;11.148;5
45;20.12.2020;11.355;5
45;20.12.2020;11.496;5
45;20.12.2020;11.517;5
45;20.12.2020;11.563;5
45;20.12.2020;11.581;5
46;20.12.2020;2.354;5
46;20.12.2020;4.372;5
46;20.12.2020;5.938;5
46;20.12.2020;9.020;5
46;20.12.2020;10.257;5
46;20.12.2020;10.625;5
46;20.12.2020;10.721;5
47;20.12.2020;5.509;5
47;20.12.2020;5.565;5
47;20.12.2020;5.640;5
47;20.12.2020;5.893;5
47;20.12.2020;6.829;5
47;20.12.2020;9.036;5
47;20.12.2020;9.088;5
47;20.12.2020;9.372;5
47;20.12.2020;9.817;5
47;20.12.2020;9.993;5
47;20.12.2020;10.327;5
47;20.12.2020;10.575;5
47;20.12.2020;10.588;5
47;20.12.2020;10.701;5
47;20.12.2020;11.213;5
47;20.12.2020;11.214;5
48;20.12.2020;5.704;5
48;20.12.2020;6.246;5
48;20.12.2020;8.882;5
48;20.12.2020;10.318;5
48;20.12.2020;10.337;5
48;20.12.2020;10.526;5
48;20.12.2020;11.066;5
48;20.12.2020;11.081;5
48;20.12.2020;11.507;5
50;20.12.2020;4.714;5
50;20.12.2020;4.835;5
50;20.12.2020;5.261;5
50;20.12.2020;5.746;5
50;20.12.2020;5.819;5
50;20.12.2020;6.003;5
50;20.12.2020;6.444;5
50;20.12.2020;6.554;5
50;20.12.2020;6.584;5
50;20.12.2020;6.815;5
50;20.12.2020;7.302;5
50;20.12.2020;7.321;5
50;20.12.2020;7.369;5
50;20.12.2020;8.467;5
50;20.12.2020;8.918;5
50;20.12.2020;9.100;5
50;20.12.2020;10.074;5
50;20.12.2020;10.126;5
50;20.12.2020;10.247;5
50;20.12.2020;10.328;5
50;20.12.2020;10.812;5
50;20.12.2020;10.963;5
50;20.12.2020;10.995;5
50;20.12.2020;11.038;5
50;20.12.2020;11.135;5
50;20.12.2020;11.377;5
50;20.12.2020;11.381;5
50;20.12.2020;11.535;5
50;20.12.2020;11.569;5
51;20.12.2020;10.441;5
51;20.12.2020;11.490;5
52;20.12.2020;6.344;5
52;20.12.2020;7.494;5
52;20.12.2020;7.592;5
52;20.12.2020;8.827;5
52;20.12.2020;9.904;5
52;20.12.2020;10.516;5
52;20.12.2020;10.621;5
52;20.12.2020;10.979;5
52;20.12.2020;11.145;5
55;20.12.2020;7.469;5
55;20.12.2020;7.539;5
55;20.12.2020;8.395;5
55;20.12.2020;9.028;5
55;20.12.2020;9.586;5
55;20.12.2020;10.143;5
55;20.12.2020;10.341;5
55;20.12.2020;10.842;5
55;20.12.2020;11.178;5
55;20.12.2020;11.400;5
55;20.12.2020;11.494;5
56;20.12.2020;6.876;5
56;20.12.2020;9.689;5
56;20.12.2020;10.307;5
56;20.12.2020;10.408;5
56;20.12.2020;10.819;5
57;20.12.2020;8.493;5
57;20.12.2020;9.342;5
57;20.12.2020;10.475;5
57;20.12.2020;10.804;5
57;20.12.2020;11.219;5
57;20.12.2020;11.376;5
58;20.12.2020;7.947;5
58;20.12.2020;7.948;5
58;20.12.2020;8.143;5
58;20.12.2020;9.314;5
58;20.12.2020;9.467;5
58;20.12.2020;10.714;5
58;20.12.2020;11.185;5
58;20.12.2020;11.281;5
59;20.12.2020;6.142;5
59;20.12.2020;6.245;5
59;20.12.2020;6.907;5
59;20.12.2020;7.407;5
59;20.12.2020;7.889;5
59;20.12.2020;8.400;5
59;20.12.2020;8.557;5
59;20.12.2020;10.676;5
59;20.12.2020;10.677;5
59;20.12.2020;11.060;5
59;20.12.2020;11.176;5
59;20.12.2020;11.337;5
59;20.12.2020;11.393;5
59;20.12.2020;11.429;5
59;20.12.2020;11.461;5
59;20.12.2020;11.532;5
60;20.12.2020;6.040;5
60;20.12.2020;7.904;5
60;20.12.2020;8.359;5
60;20.12.2020;8.748;5
60;20.12.2020;8.888;5
60;20.12.2020;9.160;5
60;20.12.2020;9.524;5
60;20.12.2020;9.629;5
60;20.12.2020;9.736;5
60;20.12.2020;10.086;5
60;20.12.2020;10.249;5
60;20.12.2020;10.283;5
60;20.12.2020;10.289;5
60;20.12.2020;10.351;5
60;20.12.2020;10.539;5
60;20.12.2020;10.823;5
60;20.12.2020;10.861;5
60;20.12.2020;10.897;5
60;20.12.2020;11.024;5
60;20.12.2020;11.150;5
60;20.12.2020;11.336;5
60;20.12.2020;11.539;5
60;20.12.2020;11.564;5
61;20.12.2020;5.749;5
61;20.12.2020;8.499;5
61;20.12.2020;8.500;5
61;20.12.2020;9.079;5
61;20.12.2020;10.397;5
61;20.12.2020;11.005;5
61;20.12.2020;11.453;5
61;20.12.2020;11.473;5
62;20.12.2020;4.083;5
62;20.12.2020;6.277;5
62;20.12.2020;7.937;5
62;20.12.2020;8.799;5
62;20.12.2020;9.019;5
62;20.12.2020;9.546;5
62;20.12.2020;9.772;5
62;20.12.2020;10.099;5
62;20.12.2020;10.258;5
62;20.12.2020;10.754;5
62;20.12.2020;11.082;5
62;20.12.2020;11.099;5
62;20.12.2020;11.323;5
62;20.12.2020;11.427;5
62;20.12.2020;11.498;5
62;20.12.2020;11.528;5
63;20.12.2020;7.668;5
63;20.12.2020;9.478;5
63;20.12.2020;11.367;5
63;20.12.2020;11.518;5
64;20.12.2020;2.312;5
64;20.12.2020;4.227;5
64;20.12.2020;4.257;5
64;20.12.2020;4.340;5
64;20.12.2020;4.952;5
64;20.12.2020;4.971;5
64;20.12.2020;5.854;5
64;20.12.2020;6.174;5
64;20.12.2020;6.516;5
64;20.12.2020;6.860;5
64;20.12.2020;6.961;5
64;20.12.2020;7.162;5
64;20.12.2020;7.171;5
64;20.12.2020;7.351;5
64;20.12.2020;7.372;5
64;20.12.2020;7.419;5
64;20.12.2020;7.420;5
64;20.12.2020;7.444;5
64;20.12.2020;7.452;5
64;20.12.2020;7.529;5
64;20.12.2020;7.553;5
64;20.12.2020;7.582;5
64;20.12.2020;7.795;5
64;20.12.2020;7.863;5
64;20.12.2020;7.886;5
64;20.12.2020;7.982;5
64;20.12.2020;8.034;5
64;20.12.2020;8.099;5
64;20.12.2020;8.121;5
64;20.12.2020;8.136;5
64;20.12.2020;8.197;5
64;20.12.2020;8.350;5
64;20.12.2020;8.361;5
64;20.12.2020;8.377;5
64;20.12.2020;8.401;5
64;20.12.2020;8.548;5
64;20.12.2020;8.728;5
64;20.12.2020;8.887;5
64;20.12.2020;9.026;5
64;20.12.2020;9.180;5
64;20.12.2020;9.193;5
64;20.12.2020;9.413;5
64;20.12.2020;9.504;5
64;20.12.2020;9.529;5
64;20.12.2020;9.609;5
64;20.12.2020;9.613;5
64;20.12.2020;9.623;5
64;20.12.2020;9.709;5
64;20.12.2020;9.956;5
64;20.12.2020;9.989;5
64;20.12.2020;10.028;5
64;20.12.2020;10.100;5
64;20.12.2020;10.111;5
64;20.12.2020;10.240;5
64;20.12.2020;10.263;5
64;20.12.2020;10.285;5
64;20.12.2020;10.333;5
64;20.12.2020;10.352;5
64;20.12.2020;10.573;5
64;20.12.2020;10.762;5
64;20.12.2020;10.775;5
64;20.12.2020;10.820;5
64;20.12.2020;10.834;5
64;20.12.2020;10.920;5
64;20.12.2020;10.933;5
64;20.12.2020;10.944;5
64;20.12.2020;10.948;5
64;20.12.2020;11.373;5
64;20.12.2020;11.420;5
64;20.12.2020;11.449;5
64;20.12.2020;11.480;5
64;20.12.2020;11.489;5
64;20.12.2020;11.499;5
64;20.12.2020;11.520;5
64;20.12.2020;11.550;5
65;20.12.2020;7.399;5
65;20.12.2020;9.261;5
65;20.12.2020;9.516;5
65;20.12.2020;10.473;5
66;20.12.2020;9.833;5
66;20.12.2020;10.233;5
66;20.12.2020;10.377;5
66;20.12.2020;10.488;5
66;20.12.2020;11.040;5
66;20.12.2020;11.044;5
66;20.12.2020;11.398;5
67;20.12.2020;7.992;5
67;20.12.2020;8.104;5
67;20.12.2020;8.527;5
67;20.12.2020;8.533;5
67;20.12.2020;8.613;5
67;20.12.2020;9.000;5
67;20.12.2020;9.154;5
67;20.12.2020;9.251;5
67;20.12.2020;9.642;5
67;20.12.2020;9.653;5
67;20.12.2020;9.704;5
67;20.12.2020;9.705;5
67;20.12.2020;9.716;5
67;20.12.2020;9.788;5
67;20.12.2020;10.085;5
67;20.12.2020;10.116;5
67;20.12.2020;10.214;5
67;20.12.2020;10.278;5
67;20.12.2020;10.280;5
67;20.12.2020;10.360;5
67;20.12.2020;10.379;5
67;20.12.2020;10.393;5
67;20.12.2020;10.406;5
67;20.12.2020;10.407;5
67;20.12.2020;10.498;5
67;20.12.2020;10.578;5
67;20.12.2020;10.580;5
67;20.12.2020;10.605;5
67;20.12.2020;10.705;5
67;20.12.2020;10.777;5
67;20.12.2020;10.778;5
67;20.12.2020;10.783;5
67;20.12.2020;10.895;5
67;20.12.2020;10.900;5
67;20.12.2020;10.907;5
67;20.12.2020;10.916;5
67;20.12.2020;10.958;5
67;20.12.2020;10.961;5
67;20.12.2020;10.981;5
67;20.12.2020;11.028;5
67;20.12.2020;11.029;5
67;20.12.2020;11.034;5
67;20.12.2020;11.069;5
67;20.12.2020;11.090;5
67;20.12.2020;11.158;5
67;20.12.2020;11.159;5
67;20.12.2020;11.265;5
67;20.12.2020;11.268;5
67;20.12.2020;11.274;5
67;20.12.2020;11.382;5
67;20.12.2020;11.397;5
67;20.12.2020;11.433;5
67;20.12.2020;11.457;5
67;20.12.2020;11.478;5
67;20.12.2020;11.574;5
67;20.12.2020;11.575;5
67;20.12.2020;11.579;5
68;20.12.2020;8.741;5
68;20.12.2020;8.743;5
68;20.12.2020;9.115;5
68;20.12.2020;9.906;5
68;20.12.2020;10.637;5
68;20.12.2020;11.537;5
69;20.12.2020;7.427;5
69;20.12.2020;8.310;5
69;20.12.2020;8.313;5
69;20.12.2020;10.365;5
69;20.12.2020;11.232;5
69;20.12.2020;11.324;5
69;20.12.2020;11.388;5
69;20.12.2020;11.403;5
70;20.12.2020;7.783;5
70;20.12.2020;8.342;5
70;20.12.2020;8.647;5
70;20.12.2020;8.697;5
70;20.12.2020;8.733;5
70;20.12.2020;8.785;5
70;20.12.2020;10.627;5
70;20.12.2020;11.240;5
70;20.12.2020;11.380;5
71;20.12.2020;7.629;5
71;20.12.2020;7.909;5
71;20.12.2020;8.485;5
71;20.12.2020;8.559;5
71;20.12.2020;8.919;5
71;20.12.2020;9.001;5
71;20.12.2020;9.457;5
71;20.12.2020;9.603;5
71;20.12.2020;9.624;5
71;20.12.2020;10.063;5
71;20.12.2020;10.440;5
71;20.12.2020;10.531;5
71;20.12.2020;10.533;5
71;20.12.2020;10.534;5
71;20.12.2020;10.535;5
71;20.12.2020;10.544;5
71;20.12.2020;10.838;5
71;20.12.2020;10.901;5
71;20.12.2020;10.904;5
71;20.12.2020;11.190;5
71;20.12.2020;11.257;5
71;20.12.2020;11.259;5
71;20.12.2020;11.286;5
71;20.12.2020;11.340;5
71;20.12.2020;11.359;5
71;20.12.2020;11.360;5
71;20.12.2020;11.454;5
71;20.12.2020;11.505;5
72;20.12.2020;4.369;5
72;20.12.2020;6.766;5
72;20.12.2020;8.978;5
72;20.12.2020;9.194;5
72;20.12.2020;10.380;5
72;20.12.2020;10.574;5
72;20.12.2020;10.821;5
72;20.12.2020;10.926;5
72;20.12.2020;10.946;5
72;20.12.2020;11.025;5
72;20.12.2020;11.144;5
72;20.12.2020;11.273;5
72;20.12.2020;11.383;5
72;20.12.2020;11.466;5
72;20.12.2020;11.492;5
72;20.12.2020;11.570;5
73;20.12.2020;8.959;5
73;20.12.2020;9.010;5
73;20.12.2020;9.042;5
73;20.12.2020;9.047;5
73;20.12.2020;9.049;5
73;20.12.2020;9.052;5
73;20.12.2020;9.067;5
73;20.12.2020;9.071;5
73;20.12.2020;9.073;5
73;20.12.2020;9.090;5
73;20.12.2020;9.096;5
73;20.12.2020;9.102;5
73;20.12.2020;9.108;5
73;20.12.2020;9.137;5
73;20.12.2020;9.209;5
73;20.12.2020;9.210;5
73;20.12.2020;9.549;5
73;20.12.2020;9.573;5
73;20.12.2020;9.582;5
73;20.12.2020;9.583;5
73;20.12.2020;9.654;5
73;20.12.2020;9.669;5
73;20.12.2020;9.695;5
73;20.12.2020;9.752;5
73;20.12.2020;9.754;5
73;20.12.2020;9.766;5
73;20.12.2020;9.769;5
73;20.12.2020;9.778;5
73;20.12.2020;9.779;5
73;20.12.2020;10.014;5
73;20.12.2020;10.130;5
73;20.12.2020;10.131;5
73;20.12.2020;10.345;5
73;20.12.2020;10.466;5
73;20.12.2020;10.611;5
73;20.12.2020;10.679;5
73;20.12.2020;10.790;5
73;20.12.2020;10.791;5
73;20.12.2020;10.803;5
73;20.12.2020;10.824;5
73;20.12.2020;10.835;5
73;20.12.2020;10.856;5
73;20.12.2020;10.863;5
73;20.12.2020;10.887;5
73;20.12.2020;10.894;5
73;20.12.2020;10.906;5
73;20.12.2020;10.970;5
73;20.12.2020;10.976;5
73;20.12.2020;10.977;5
73;20.12.2020;10.994;5
73;20.12.2020;11.064;5
73;20.12.2020;11.100;5
73;20.12.2020;11.168;5
73;20.12.2020;11.224;5
73;20.12.2020;11.307;5
73;20.12.2020;11.344;5
73;20.12.2020;11.345;5
73;20.12.2020;11.365;5
73;20.12.2020;11.366;5
73;20.12.2020;11.368;5
73;20.12.2020;11.371;5
73;20.12.2020;11.421;5
73;20.12.2020;11.422;5
73;20.12.2020;11.441;5
73;20.12.2020;11.463;5
73;20.12.2020;11.470;5
73;20.12.2020;11.481;5
73;20.12.2020;11.482;5
73;20.12.2020;11.511;5
73;20.12.2020;11.526;5
73;20.12.2020;11.527;5
73;20.12.2020;11.529;5
73;20.12.2020;11.530;5
73;20.12.2020;11.553;5
73;20.12.2020;11.554;5
73;20.12.2020;11.555;5
74;20.12.2020;6.880;5
74;20.12.2020;8.582;5
74;20.12.2020;8.586;5
74;20.12.2020;8.631;5
74;20.12.2020;8.663;5
74;20.12.2020;9.744;5
74;20.12.2020;10.567;5
74;20.12.2020;11.023;5
74;20.12.2020;11.063;5
74;20.12.2020;11.143;5
74;20.12.2020;11.531;5
75;20.12.2020;7.572;5
75;20.12.2020;10.744;5
75;20.12.2020;10.768;5
75;20.12.2020;10.802;5
75;20.12.2020;10.862;5
75;20.12.2020;10.908;5
75;20.12.2020;11.058;5
75;20.12.2020;11.173;5
75;20.12.2020;11.349;5
76;20.12.2020;9.592;5
76;20.12.2020;9.659;5
76;20.12.2020;9.839;5
76;20.12.2020;10.090;5
76;20.12.2020;10.091;5
76;20.12.2020;10.128;5
76;20.12.2020;10.242;5
76;20.12.2020;10.260;5
76;20.12.2020;10.261;5
76;20.12.2020;10.302;5
76;20.12.2020;10.441;5
76;20.12.2020;10.668;5
76;20.12.2020;10.807;5
76;20.12.2020;10.813;5
76;20.12.2020;10.857;5
76;20.12.2020;10.858;5
76;20.12.2020;10.859;5
76;20.12.2020;10.882;5
76;20.12.2020;10.966;5
76;20.12.2020;11.076;5
76;20.12.2020;11.353;5
76;20.12.2020;11.370;5
76;20.12.2020;11.399;5
76;20.12.2020;11.414;5
76;20.12.2020;11.434;5
76;20.12.2020;11.450;5
76;20.12.2020;11.476;5
76;20.12.2020;11.477;5
76;20.12.2020;11.491;5
76;20.12.2020;11.543;5
76;20.12.2020;11.549;5
76;20.12.2020;11.551;5
76;20.12.2020;11.577;5
77;20.12.2020;8.893;5
77;20.12.2020;9.029;5
77;20.12.2020;9.153;5
77;20.12.2020;10.223;5
77;20.12.2020;10.829;5
77;20.12.2020;10.855;5
77;20.12.2020;11.059;5
77;20.12.2020;11.349;5
78;20.12.2020;7.496;5
78;20.12.2020;10.132;5
78;20.12.2020;10.291;5
78;20.12.2020;10.472;5
78;20.12.2020;10.817;5
78;20.12.2020;10.845;5
78;20.12.2020;10.847;5
78;20.12.2020;11.552;5
78;20.12.2020;11.568;5
79;20.12.2020;7.974;5
79;20.12.2020;8.518;5
79;20.12.2020;8.600;5
79;20.12.2020;8.703;5
79;20.12.2020;9.572;5
79;20.12.2020;10.336;5
79;20.12.2020;10.346;5
79;20.12.2020;10.483;5
79;20.12.2020;10.508;5
79;20.12.2020;10.552;5
79;20.12.2020;10.772;5
79;20.12.2020;11.198;5
80;20.12.2020;9.201;5
80;20.12.2020;9.203;5
80;20.12.2020;9.222;5
80;20.12.2020;9.229;5
80;20.12.2020;9.268;5
80;20.12.2020;9.269;5
80;20.12.2020;9.271;5
80;20.12.2020;9.284;5
80;20.12.2020;9.285;5
80;20.12.2020;9.286;5
80;20.12.2020;9.637;5
80;20.12.2020;9.748;5
80;20.12.2020;10.471;5
80;20.12.2020;11.062;5
80;20.12.2020;11.266;5
80;20.12.2020;11.412;5
81;20.12.2020;9.232;5
81;20.12.2020;9.275;5
81;20.12.2020;9.296;5
81;20.12.2020;10.157;5
81;20.12.2020;10.927;5
82;20.12.2020;9.202;5
82;20.12.2020;9.204;5
82;20.12.2020;9.266;5
82;20.12.2020;9.267;5
82;20.12.2020;9.655;5
82;20.12.2020;11.052;5
82;20.12.2020;11.133;5
82;20.12.2020;11.439;5
84;20.12.2020;9.197;5
84;20.12.2020;9.227;5
84;20.12.2020;9.289;5
84;20.12.2020;9.290;5
84;20.12.2020;9.786;5
86;20.12.2020;9.242;5
86;20.12.2020;10.241;5
86;20.12.2020;10.347;5
86;20.12.2020;10.731;5
86;20.12.2020;10.957;5
86;20.12.2020;11.194;5
86;20.12.2020;11.567;5
87;20.12.2020;7.104;5
87;20.12.2020;9.834;5
87;20.12.2020;10.489;5
87;20.12.2020;10.491;5
87;20.12.2020;10.545;5
87;20.12.2020;10.546;5
88;20.12.2020;9.714;5
88;20.12.2020;11.192;5
88;20.12.2020;11.378;5
88;20.12.2020;11.402;5
90;20.12.2020;5.247;5
90;20.12.2020;5.573;5
90;20.12.2020;8.140;5
90;20.12.2020;9.191;5
90;20.12.2020;11.215;5
90;20.12.2020;11.253;5
90;20.12.2020;11.389;5
90;20.12.2020;11.394;5
90;20.12.2020;11.395;5
90;20.12.2020;11.407;5
90;20.12.2020;11.432;5
90;20.12.2020;11.462;5
90;20.12.2020;11.572;5
91;20.12.2020;10.184;5
91;20.12.2020;11.315;5
91;20.12.2020;11.321;5
91;20.12.2020;11.445;5
91;20.12.2020;11.541;5
91;20.12.2020;11.542;5
92;20.12.2020;9.646;5
92;20.12.2020;11.202;5
92;20.12.2020;11.264;5
92;20.12.2020;11.544;5
92;20.12.2020;11.578;5
93;20.12.2020;10.511;5
93;20.12.2020;10.593;5
93;20.12.2020;10.771;5
93;20.12.2020;10.982;5
93;20.12.2020;11.562;5
94;20.12.2020;10.815;5
94;20.12.2020;10.852;5
94;20.12.2020;10.853;5
94;20.12.2020;10.854;5
94;20.12.2020;10.913;5
95;20.12.2020;11.136;5
95;20.12.2020;11.138;5
95;20.12.2020;11.464;5
97;20.12.2020;8.076;5
97;20.12.2020;10.846;5
97;20.12.2020;11.361;5
97;20.12.2020;11.362;5
97;20.12.2020;11.468;5
98;20.12.2020;11.471;5
98;20.12.2020;11.472;5
98;20.12.2020;11.556;5
98;20.12.2020;11.557;5
1.000;20.12.2020;54;5
1.000;20.12.2020;55;5
1.000;20.12.2020;73;5
1.000;20.12.2020;89;5
1.000;20.12.2020;94;5
1.000;20.12.2020;95;5
1.001;20.12.2020;7;5
